fips,county_name,year,pm25_idw,o3_idw
06001,Alameda,2010,8.054585153303407,0.06999704536298358
06001,Alameda,2011,9.297748439423835,0.0678677725581548
06001,Alameda,2012,7.920006780709596,0.06715421866352703
06001,Alameda,2013,10.166387484938,0.06396162977813286
06001,Alameda,2014,8.619014227623094,0.06986948429184896
06001,Alameda,2015,8.878192178216972,0.07022225965682008
06001,Alameda,2016,7.597798173618194,0.06646867103450345
06001,Alameda,2017,10.332329987683904,0.06791777769910136
06001,Alameda,2018,11.90665381280904,0.06322455379096696
06001,Alameda,2019,6.9693738393084415,0.06517565702108669
06001,Alameda,2020,11.231587587430397,0.06696569084329625
06001,Alameda,2021,8.131339903658663,0.0677868694528044
06001,Alameda,2022,7.715858925086265,0.06154585890284612
06001,Alameda,2023,6.640680309358009,0.05989853274518159
06001,Alameda,2024,6.729638654549801,0.0499712698055549
06001,Alameda,2025,7.000613224881092,0.056258709305821504
06003,Alpine,2010,8.267358033079088,0.07668276405559514
06003,Alpine,2011,10.171251301287773,0.07545403757183351
06003,Alpine,2012,8.673649740341013,0.0771172289633001
06003,Alpine,2013,10.396618951069238,0.07162561279507795
06003,Alpine,2014,9.048155026899348,0.07615952472131182
06003,Alpine,2015,9.472589770850494,0.07692227032077101
06003,Alpine,2016,8.238329531367645,0.07929691072460276
06003,Alpine,2017,10.389864162477467,0.07686575670833481
06003,Alpine,2018,12.24200556982206,0.0784668750429236
06003,Alpine,2019,7.0987473602289395,0.06951605613556389
06003,Alpine,2020,13.211466513982137,0.07599127757126295
06003,Alpine,2021,10.177640085850843,0.07499632958755782
06003,Alpine,2022,8.138916926514652,0.067353607387319
06003,Alpine,2023,7.808522362785563,0.06706117521351324
06003,Alpine,2024,6.918247563394702,0.06995517331728004
06003,Alpine,2025,6.704301857347009,0.06268757135600225
06005,Amador,2010,6.745563517357563,0.07819325721913482
06005,Amador,2011,9.597573720037767,0.07682919643479687
06005,Amador,2012,7.8161322268490085,0.07801004298048453
06005,Amador,2013,9.787474520388344,0.07127812243462311
06005,Amador,2014,8.45514592105748,0.0754147254768035
06005,Amador,2015,9.094954913944894,0.07922226338119373
06005,Amador,2016,8.075549830218408,0.079529758712247
06005,Amador,2017,11.282476862572496,0.0774296375734672
06005,Amador,2018,13.214111646929068,0.07849105372146155
06005,Amador,2019,6.557213354638795,0.06916225419885072
06005,Amador,2020,12.76036563555762,0.07613406205028007
06005,Amador,2021,9.48881113433481,0.07517792486784226
06005,Amador,2022,7.447168165931648,0.06672141483191991
06005,Amador,2023,6.854835707056549,0.06729139670550464
06005,Amador,2024,6.37223879920702,0.06996493310643566
06005,Amador,2025,6.288722144258731,0.06391006155591442
06007,Butte,2010,6.724957177726139,0.07012702785305105
06007,Butte,2011,8.61048634560345,0.06955018436402309
06007,Butte,2012,7.899381885400487,0.07173664092207176
06007,Butte,2013,8.99009581351352,0.06679009855819891
06007,Butte,2014,8.427709011855475,0.07112971792332963
06007,Butte,2015,8.45284972931029,0.06951545591598916
06007,Butte,2016,7.201092810184928,0.07207298067737584
06007,Butte,2017,9.248415445173002,0.07038030866240065
06007,Butte,2018,11.235786018082154,0.07149638078420581
06007,Butte,2019,7.014014775460402,0.06464762378754765
06007,Butte,2020,12.214437515356073,0.06922000125600963
06007,Butte,2021,10.977677590138708,0.0714727163656824
06007,Butte,2022,7.855686819765608,0.06499845629640263
06007,Butte,2023,8.465664260955373,0.06334477045480925
06007,Butte,2024,6.871107682551246,0.06295602413934409
06007,Butte,2025,6.330363552018005,0.05980769209915315
06009,Calaveras,2010,8.9223505672531,0.07725446081609144
06009,Calaveras,2011,10.540902452577052,0.07500696993846573
06009,Calaveras,2012,9.03882372565525,0.07854893636742609
06009,Calaveras,2013,11.063940394878056,0.07105727159700145
06009,Calaveras,2014,9.344397056677924,0.07666306745780925
06009,Calaveras,2015,10.004165490548232,0.07677750743175041
06009,Calaveras,2016,8.463031033468345,0.07657041158324163
06009,Calaveras,2017,10.244207378642209,0.07524773446044178
06009,Calaveras,2018,12.353834078133431,0.07783832960661388
06009,Calaveras,2019,7.660482038664688,0.06959407618727764
06009,Calaveras,2020,12.859434302011824,0.07315199574262132
06009,Calaveras,2021,10.478798016430977,0.0742733859188486
06009,Calaveras,2022,8.909248296111501,0.06738792426263775
06009,Calaveras,2023,8.076155356573457,0.06602482906487399
06009,Calaveras,2024,7.391367364182309,0.07077648420605297
06009,Calaveras,2025,7.295115932411313,0.06314211130402853
06011,Colusa,2010,6.553757700260827,0.06698697526442958
06011,Colusa,2011,8.38208539720296,0.06681963661046221
06011,Colusa,2012,7.719410535413425,0.06907747136681357
06011,Colusa,2013,8.682751317487472,0.06494645976501652
06011,Colusa,2014,7.9396988228590875,0.06882249273599975
06011,Colusa,2015,8.066406217819583,0.06760169454975141
06011,Colusa,2016,6.693025755827597,0.0671186930353788
06011,Colusa,2017,9.19454663716571,0.06677237494291019
06011,Colusa,2018,10.973328041532348,0.06599662546226927
06011,Colusa,2019,6.4959000535086115,0.06249110189378301
06011,Colusa,2020,11.344479351455053,0.06670013315480712
06011,Colusa,2021,9.513403606874611,0.06701059562282913
06011,Colusa,2022,7.55305148094117,0.06278159834433024
06011,Colusa,2023,7.113919817128088,0.060752317191351955
06011,Colusa,2024,5.911386873344315,0.059496821478902555
06011,Colusa,2025,6.474517206761297,0.059159300803655314
06013,Contra Costa,2010,8.365315631830345,0.06531460761686506
06013,Contra Costa,2011,10.215849472125681,0.06591085658206214
06013,Contra Costa,2012,8.538603659738587,0.06495627115311037
06013,Contra Costa,2013,10.444274546088979,0.06273674730498685
06013,Contra Costa,2014,8.877329123585158,0.06902503177720158
06013,Contra Costa,2015,9.157809848053738,0.06979764720038452
06013,Contra Costa,2016,7.8179688015333655,0.06641567961912537
06013,Contra Costa,2017,10.148856300202116,0.06574680250319478
06013,Contra Costa,2018,12.062853110778379,0.06126714780263026
06013,Contra Costa,2019,7.501283709002422,0.06251997629831037
06013,Contra Costa,2020,11.567434914482448,0.06484119460406657
06013,Contra Costa,2021,8.695494320457353,0.06424907242502949
06013,Contra Costa,2022,8.12728512368601,0.060612134921892026
06013,Contra Costa,2023,6.888972097917742,0.05856732779006408
06013,Contra Costa,2024,6.259314689536598,0.050348288188569304
06013,Contra Costa,2025,7.1703953480465215,0.057150307999157504
06015,Del Norte,2010,6.615940389049737,0.06253717013049599
06015,Del Norte,2011,9.517120252879053,0.061105979167590696
06015,Del Norte,2012,8.39702192546847,0.06346518280856013
06015,Del Norte,2013,9.428574611732818,0.0608439194273964
06015,Del Norte,2014,6.954429925439369,0.06283451002393986
06015,Del Norte,2015,7.524133698316254,0.06267592179557072
06015,Del Norte,2016,6.214526451520057,0.06243559450358875
06015,Del Norte,2017,9.198522058766002,0.062132981032857394
06015,Del Norte,2018,9.742415894363527,0.06374477197889937
06015,Del Norte,2019,6.648273019590216,0.05900109302439425
06015,Del Norte,2020,11.272233720606923,0.06083774417057658
06015,Del Norte,2021,10.080821387382183,0.06271106418269196
06015,Del Norte,2022,7.686268888980518,0.05637301031386934
06015,Del Norte,2023,7.931276912840548,0.058520376850391354
06015,Del Norte,2024,6.461812100979297,0.05832333232227031
06015,Del Norte,2025,6.467444430952099,0.055549468716334885
06017,El Dorado,2010,7.000127599167567,0.07792479622900741
06017,El Dorado,2011,8.87524034873828,0.07569614970509685
06017,El Dorado,2012,7.404682811167417,0.07595673835675135
06017,El Dorado,2013,8.864474134792319,0.06976988216552259
06017,El Dorado,2014,8.163143455727049,0.0757704563785394
06017,El Dorado,2015,8.41623508009093,0.07625380703127399
06017,El Dorado,2016,7.598058945741962,0.07914799561752574
06017,El Dorado,2017,9.10915152941458,0.07824637629076815
06017,El Dorado,2018,12.23627962632014,0.07874150966257329
06017,El Dorado,2019,6.646689798165237,0.06980488695746798
06017,El Dorado,2020,12.438607096838927,0.0747073616733289
06017,El Dorado,2021,10.026338898856132,0.07689509571197661
06017,El Dorado,2022,7.638620840483424,0.06853239807390535
06017,El Dorado,2023,7.135234621644075,0.06591033328838115
06017,El Dorado,2024,6.33659897962574,0.07019896505497802
06017,El Dorado,2025,6.3522469643471835,0.06376879735550654
06019,Fresno,2010,13.466817560176356,0.081642761343073
06019,Fresno,2011,14.754307479720426,0.07907703475098729
06019,Fresno,2012,12.377639396847298,0.07956025276419651
06019,Fresno,2013,13.800031892548217,0.07645181671662475
06019,Fresno,2014,11.159689225133961,0.07906153414922652
06019,Fresno,2015,14.092582980510192,0.07844797234236002
06019,Fresno,2016,10.19015374832617,0.07899572298598347
06019,Fresno,2017,11.960020559206496,0.07896677225718482
06019,Fresno,2018,13.51452650177889,0.07675904183529994
06019,Fresno,2019,8.743593998893111,0.07229495095448431
06019,Fresno,2020,15.48481062806294,0.08047235589197958
06019,Fresno,2021,11.689062345001638,0.07794569677350782
06019,Fresno,2022,9.902450431868898,0.07209904057793205
06019,Fresno,2023,8.973508496042017,0.07131492723782615
06019,Fresno,2024,8.455303012524183,0.07436567054093408
06019,Fresno,2025,7.87262273324773,0.058845578084574426
06021,Glenn,2010,6.191988355341724,0.06725467665761135
06021,Glenn,2011,8.263042965744958,0.06617632252245732
06021,Glenn,2012,7.577111653789812,0.06881294787592915
06021,Glenn,2013,8.343138307344672,0.0637128295153477
06021,Glenn,2014,7.504707660827844,0.06789957269703516
06021,Glenn,2015,7.941651099694312,0.06574572329707278
06021,Glenn,2016,6.247631099510425,0.06863013632737934
06021,Glenn,2017,8.467967138426744,0.06728322838026178
06021,Glenn,2018,11.012766113945606,0.06726571274313321
06021,Glenn,2019,6.315279078311681,0.06103965899715867
06021,Glenn,2020,11.97597831309518,0.0648981225795907
06021,Glenn,2021,9.932617419587379,0.06739064874741277
06021,Glenn,2022,7.165668540185569,0.061985798157956816
06021,Glenn,2023,7.124779586694301,0.060839616389307606
06021,Glenn,2024,6.458132602203326,0.05956731527650289
06021,Glenn,2025,5.473660664246706,0.058388588768232275
06023,Humboldt,2010,7.0022313704483885,0.0665454466364606
06023,Humboldt,2011,11.956387599438946,0.06495813628445252
06023,Humboldt,2012,10.108999895074705,0.06780668972744931
06023,Humboldt,2013,10.779922207413872,0.06383588908870967
06023,Humboldt,2014,7.9363379747254825,0.06789109321117336
06023,Humboldt,2015,8.261852095676224,0.06666443623201679
06023,Humboldt,2016,6.647420814980312,0.06643237392221121
06023,Humboldt,2017,8.6908583303929,0.06614355314704268
06023,Humboldt,2018,10.214356347603283,0.06744090178126066
06023,Humboldt,2019,6.4951755874298325,0.06195698187674849
06023,Humboldt,2020,11.722415062117967,0.06619512753184353
06023,Humboldt,2021,10.429402375352673,0.0679560340345317
06023,Humboldt,2022,7.8973800600730915,0.061866522555930094
06023,Humboldt,2023,7.878001097799659,0.06045206570601592
06023,Humboldt,2024,6.410882170184858,0.05927833330073484
06023,Humboldt,2025,6.032670059004165,0.059608123590749455
06025,Imperial,2010,10.287492815539663,0.07924020825401161
06025,Imperial,2011,10.837478299001162,0.0805066300075724
06025,Imperial,2012,10.727986498073037,0.07938215506526987
06025,Imperial,2013,11.165551932054084,0.0753533864830256
06025,Imperial,2014,9.194282537122449,0.0809028861866608
06025,Imperial,2015,10.279380001380524,0.07956675566172168
06025,Imperial,2016,9.947185257090418,0.07969539843355086
06025,Imperial,2017,10.60287673169289,0.08280931242514661
06025,Imperial,2018,10.6115083378962,0.08049127511161462
06025,Imperial,2019,9.001960337957069,0.07563476158214046
06025,Imperial,2020,12.179705169388026,0.0841294547249822
06025,Imperial,2021,10.77090110346517,0.07853207735093372
06025,Imperial,2022,9.031360286066805,0.07566545553712521
06025,Imperial,2023,8.562806843996412,0.07752994262651094
06025,Imperial,2024,9.376778960377907,0.07967028988350577
06025,Imperial,2025,8.759040028094521,0.07537679495701771
06027,Inyo,2010,10.63267770999754,0.0805640011269161
06027,Inyo,2011,12.063351107796544,0.07874396133924155
06027,Inyo,2012,11.02425928930052,0.07923138396778404
06027,Inyo,2013,12.727208279928368,0.07560465674589861
06027,Inyo,2014,11.771792425883968,0.0788242665423847
06027,Inyo,2015,11.778756859817157,0.07877948722817514
06027,Inyo,2016,10.416649533369439,0.0791259929593163
06027,Inyo,2017,12.051861158453661,0.07976923814906833
06027,Inyo,2018,12.75699442703214,0.07860146288735648
06027,Inyo,2019,8.986818457591122,0.07274142381470677
06027,Inyo,2020,14.22727412822828,0.08088634629876124
06027,Inyo,2021,11.970023167565909,0.07765004150268597
06027,Inyo,2022,9.779512709551211,0.07321130339103422
06027,Inyo,2023,9.102421901929198,0.07268520557312572
06027,Inyo,2024,8.850292723910396,0.0753677106660406
06027,Inyo,2025,8.067845252635395,0.06505390759259763
06029,Kern,2010,10.341444504618744,0.0792103083281041
06029,Kern,2011,11.755593570796728,0.07745262838625465
06029,Kern,2012,10.840188046498595,0.0776092592154781
06029,Kern,2013,12.259880200711503,0.07479289612722868
06029,Kern,2014,11.484202008897428,0.07798787061848308
06029,Kern,2015,12.351115224759816,0.07687920690536154
06029,Kern,2016,10.045222666007383,0.07726576567493285
06029,Kern,2017,11.601328935948885,0.07849815405991208
06029,Kern,2018,12.177974753243229,0.075652510698008
06029,Kern,2019,8.722888031893943,0.07151912414251078
06029,Kern,2020,13.071767718462562,0.080305694036865
06029,Kern,2021,11.284990238301576,0.0754466196707669
06029,Kern,2022,9.153897313704157,0.07238964909012875
06029,Kern,2023,8.540841538039857,0.07213691430188236
06029,Kern,2024,8.287012389302694,0.07399986539144607
06029,Kern,2025,7.851517412432215,0.06516476733527722
06031,Kings,2010,10.240151944146787,0.0796330534630577
06031,Kings,2011,11.56931896511464,0.07794201860191309
06031,Kings,2012,10.4847295262367,0.07708481036117731
06031,Kings,2013,12.570471686907725,0.0744669088116348
06031,Kings,2014,10.987335840391179,0.07764269512368739
06031,Kings,2015,10.658617055379816,0.07682523335621676
06031,Kings,2016,9.607308061335134,0.07715994243072968
06031,Kings,2017,11.290578571061223,0.0772255840968613
06031,Kings,2018,12.373288107807122,0.07524311260961038
06031,Kings,2019,8.388353989552543,0.07055488487013292
06031,Kings,2020,13.881299996584673,0.07766012511901335
06031,Kings,2021,11.402298121948679,0.07532192943326686
06031,Kings,2022,9.602500216316079,0.07008137437036478
06031,Kings,2023,8.489628196693811,0.0698055519384686
06031,Kings,2024,8.25033587524457,0.07196430623993101
06031,Kings,2025,7.614048030027742,0.05891432827279333
06033,Lake,2010,7.109329042211658,0.06501117822529608
06033,Lake,2011,8.978772670651846,0.06392335444664816
06033,Lake,2012,8.403392648876636,0.06521775913488778
06033,Lake,2013,9.263381117951559,0.06174648520131529
06033,Lake,2014,8.215092178007136,0.06625466718354261
06033,Lake,2015,8.537029203444163,0.06614342804664317
06033,Lake,2016,6.818221084640291,0.06473110437343275
06033,Lake,2017,9.293444303752116,0.06625907623186116
06033,Lake,2018,11.102823934943299,0.06324760878582132
06033,Lake,2019,6.7425023612749095,0.06066294119097073
06033,Lake,2020,11.562706844559312,0.06206510115709561
06033,Lake,2021,9.339703995448984,0.06520130381731697
06033,Lake,2022,7.758901943929923,0.060331777911322174
06033,Lake,2023,7.279978456634648,0.05912982542350103
06033,Lake,2024,6.477060670560866,0.056059428004373885
06033,Lake,2025,6.1294714128227685,0.05782465954338017
06035,Lassen,2010,7.425082853950209,0.07174616569290658
06035,Lassen,2011,9.577369327097848,0.07050907890896801
06035,Lassen,2012,8.708356307381544,0.07204575132313391
06035,Lassen,2013,10.002682244039242,0.06793439274653339
06035,Lassen,2014,9.501120236505324,0.07208600562502657
06035,Lassen,2015,8.614105567776468,0.07148871708152126
06035,Lassen,2016,8.092007342489302,0.07330817850929486
06035,Lassen,2017,10.340057723304904,0.07214825123827277
06035,Lassen,2018,11.698646028945385,0.07357767941516788
06035,Lassen,2019,7.323634846095528,0.0657478914560514
06035,Lassen,2020,13.76599356910564,0.07084666610752828
06035,Lassen,2021,12.112093376518157,0.07241506857497318
06035,Lassen,2022,8.113858329318932,0.06589026120974946
06035,Lassen,2023,11.244206275974014,0.06411732247177732
06035,Lassen,2024,7.63111003390388,0.06470534091505313
06035,Lassen,2025,7.135381045110423,0.060627568465203424
06037,Los Angeles,2010,9.465839834187392,0.07570498544331418
06037,Los Angeles,2011,10.419462245629948,0.07482668004797988
06037,Los Angeles,2012,9.946392733031294,0.07486498010122168
06037,Los Angeles,2013,10.832295643730385,0.07270364170478219
06037,Los Angeles,2014,10.952720001671134,0.07840154624106101
06037,Los Angeles,2015,9.551524159075724,0.07511244934085312
06037,Los Angeles,2016,9.430943200074667,0.07590072164223777
06037,Los Angeles,2017,10.828362554864743,0.07796641485606255
06037,Los Angeles,2018,11.364689530782263,0.07463190474395553
06037,Los Angeles,2019,8.249304111550707,0.07235896213450768
06037,Los Angeles,2020,11.68191520040737,0.08203361151754479
06037,Los Angeles,2021,10.592176077876767,0.07340153699188234
06037,Los Angeles,2022,9.361117718213565,0.07141433543931296
06037,Los Angeles,2023,8.490992573489308,0.07166715848063454
06037,Los Angeles,2024,8.925479104320981,0.07365696543241017
06037,Los Angeles,2025,8.344232919872214,0.066710866005261
06039,Madera,2010,10.581687140230791,0.08088185201971336
06039,Madera,2011,12.555458880081012,0.07925176858609648
06039,Madera,2012,11.113299516217763,0.0795324745855042
06039,Madera,2013,13.57267653385398,0.07523566271504768
06039,Madera,2014,11.534650407205,0.07984269334556161
06039,Madera,2015,12.578475490495244,0.07839959340654121
06039,Madera,2016,10.241452448572488,0.07995801166942852
06039,Madera,2017,12.259374912289468,0.07976522322222226
06039,Madera,2018,13.705244234004617,0.08047213624171014
06039,Madera,2019,8.879182645386827,0.07214337553375216
06039,Madera,2020,15.174846267143478,0.08146244186467025
06039,Madera,2021,12.342185692115914,0.07856211806176376
06039,Madera,2022,10.46472159190259,0.07177561188062483
06039,Madera,2023,9.199907678813794,0.0701465487100591
06039,Madera,2024,8.602041286510827,0.07372029537398693
06039,Madera,2025,8.05675266380965,0.060524677204272855
06041,Marin,2010,8.103864619891535,0.06283732981069444
06041,Marin,2011,9.113594782758662,0.061130007193889196
06041,Marin,2012,8.44093694156562,0.061041199174428434
06041,Marin,2013,9.717311236687038,0.05880504001526187
06041,Marin,2014,8.264822643200478,0.06478607689071389
06041,Marin,2015,8.15126335336027,0.06422706867842655
06041,Marin,2016,7.123810131562426,0.06107395747541412
06041,Marin,2017,9.746492263907934,0.06330186599574845
06041,Marin,2018,11.07959257149883,0.05863261885036458
06041,Marin,2019,6.844810296938699,0.06030909434147587
06041,Marin,2020,10.776680175275375,0.06064140770247646
06041,Marin,2021,8.039526855150882,0.06184361473521416
06041,Marin,2022,7.301202860867903,0.05671790375565885
06041,Marin,2023,6.462120984452336,0.05469476675098069
06041,Marin,2024,5.967019716107753,0.04840755554968907
06041,Marin,2025,6.515824441160887,0.0577941518275891
06043,Mariposa,2010,13.128171853292674,0.08024255819975333
06043,Mariposa,2011,14.379394689450988,0.0792242467881638
06043,Mariposa,2012,11.75173310720888,0.07958378667278769
06043,Mariposa,2013,13.311571953574893,0.07621812525469937
06043,Mariposa,2014,10.435151926872205,0.0789308779125537
06043,Mariposa,2015,11.29288032401615,0.07936335997116122
06043,Mariposa,2016,9.542506899288446,0.08169134845228604
06043,Mariposa,2017,11.45338828236629,0.0792808102645847
06043,Mariposa,2018,13.306973243103068,0.07757189580143518
06043,Mariposa,2019,8.194839504340761,0.07213438018869225
06043,Mariposa,2020,15.307717694120276,0.07871198052661199
06043,Mariposa,2021,11.31832999927332,0.0771583439108268
06043,Mariposa,2022,9.525452012509225,0.06964963390091031
06043,Mariposa,2023,8.761863238132927,0.0707796715664575
06043,Mariposa,2024,8.091848825482291,0.07384204995402806
06043,Mariposa,2025,7.61726146514352,0.05827984551955766
06045,Mendocino,2010,6.62404425459154,0.06482186987576766
06045,Mendocino,2011,8.713370827095915,0.06368261239884844
06045,Mendocino,2012,7.963159595128182,0.06585851552976829
06045,Mendocino,2013,8.79204043577403,0.06290618716321998
06045,Mendocino,2014,7.472130714417196,0.0666457272345014
06045,Mendocino,2015,7.511203946432369,0.06544206372537863
06045,Mendocino,2016,6.179015731253898,0.0648345754019766
06045,Mendocino,2017,8.768702866860059,0.0652010895663105
06045,Mendocino,2018,10.413682237916696,0.06321319468490626
06045,Mendocino,2019,6.208668125079617,0.060405367533936896
06045,Mendocino,2020,10.889691617510543,0.06288094121518417
06045,Mendocino,2021,8.883344815260946,0.06404399871250185
06045,Mendocino,2022,6.928327382931984,0.05972211348376554
06045,Mendocino,2023,6.6213499674911525,0.0582162073967042
06045,Mendocino,2024,5.7867022154293535,0.05631562272964428
06045,Mendocino,2025,5.631761328565255,0.057876793079849456
06047,Merced,2010,9.28619351271677,0.07623874137515838
06047,Merced,2011,10.832242068135386,0.0746625014570025
06047,Merced,2012,9.14786611512486,0.07571473816967525
06047,Merced,2013,11.112134148346929,0.07135151113177331
06047,Merced,2014,9.390736928900532,0.07567717721087598
06047,Merced,2015,10.245096702571468,0.07598321323062623
06047,Merced,2016,8.18815371396526,0.07551478433422763
06047,Merced,2017,10.53765067096085,0.07538867383916939
06047,Merced,2018,12.015223643223754,0.0735642239676002
06047,Merced,2019,7.558517500658424,0.06999744692410494
06047,Merced,2020,11.953748418979481,0.07442172780240168
06047,Merced,2021,10.41947443972615,0.07305136768315877
06047,Merced,2022,9.128037991802723,0.06790321193391836
06047,Merced,2023,7.937122309419236,0.06729871832856327
06047,Merced,2024,7.789887012531606,0.06792254268331567
06047,Merced,2025,7.212462395564268,0.058479686603368344
06049,Modoc,2010,7.185053624268556,0.07058451477999846
06049,Modoc,2011,9.183878838991838,0.06927702908029139
06049,Modoc,2012,8.311503350615268,0.07084861113418435
06049,Modoc,2013,9.549072835947968,0.06710602576046766
06049,Modoc,2014,8.60714840869189,0.07085630624278778
06049,Modoc,2015,8.530273645819642,0.07019117606359349
06049,Modoc,2016,7.297948859960458,0.07126605953702275
06049,Modoc,2017,9.674380914504525,0.06979412959642435
06049,Modoc,2018,11.288923145538858,0.07220113241717813
06049,Modoc,2019,6.969376688840168,0.06475150431802233
06049,Modoc,2020,12.665930954943533,0.06937029087275644
06049,Modoc,2021,11.614518316247405,0.07096050969200346
06049,Modoc,2022,7.911921926907766,0.06475576801853565
06049,Modoc,2023,9.07478962337189,0.06355161070379184
06049,Modoc,2024,6.947187825915555,0.06397514196336401
06049,Modoc,2025,6.559949966903842,0.060213830878660446
06051,Mono,2010,10.401626156413064,0.07813069947171407
06051,Mono,2011,12.042246851305949,0.07687431699030799
06051,Mono,2012,10.344503690821261,0.07767923772637805
06051,Mono,2013,12.107377722562575,0.07348447734875249
06051,Mono,2014,10.35787824566651,0.07725580950777765
06051,Mono,2015,10.953550504822555,0.07698179757980751
06051,Mono,2016,9.203062751183138,0.07834146936756271
06051,Mono,2017,11.1097864959,0.07737401462012786
06051,Mono,2018,12.667319285469528,0.07720576789038315
06051,Mono,2019,8.133785326839412,0.07059808697003127
06051,Mono,2020,13.919301592501931,0.0777730176306371
06051,Mono,2021,11.239769121333424,0.07611537341283149
06051,Mono,2022,9.19085507533629,0.0695855295890247
06051,Mono,2023,8.552468723002326,0.06883943996113498
06051,Mono,2024,7.938324479625674,0.07124630064212825
06051,Mono,2025,7.467947268810537,0.06117231725646653
06053,Monterey,2010,7.998680993830874,0.07364072775817038
06053,Monterey,2011,8.752556583696478,0.07033474511312855
06053,Monterey,2012,7.771192043443621,0.06960228036318566
06053,Monterey,2013,9.464908617407334,0.06846090364738674
06053,Monterey,2014,7.839902515934044,0.07222936589439653
06053,Monterey,2015,8.495697126153319,0.07086656710735606
06053,Monterey,2016,7.055089190014727,0.0703757912987146
06053,Monterey,2017,8.625722768177392,0.07063471363505708
06053,Monterey,2018,10.041128103395613,0.06768871977669423
06053,Monterey,2019,6.74287834633572,0.06563790071101437
06053,Monterey,2020,11.20734038843344,0.07042238162172576
06053,Monterey,2021,8.305578253872099,0.06911606059291202
06053,Monterey,2022,7.455139345667937,0.06468980426673115
06053,Monterey,2023,6.392428822635101,0.06346698990045098
06053,Monterey,2024,7.285945789610059,0.0626573262701854
06053,Monterey,2025,6.168143132492307,0.05697044457124344
06055,Napa,2010,7.408233647268753,0.06648976863094863
06055,Napa,2011,9.146593560028712,0.06588947922796116
06055,Napa,2012,7.647376854217523,0.06708337365026384
06055,Napa,2013,9.137004874144358,0.06289753146220502
06055,Napa,2014,8.102121472463178,0.06790606075839578
06055,Napa,2015,8.303674919398896,0.0680818512878115
06055,Napa,2016,6.859053799581388,0.06628082811780893
06055,Napa,2017,9.28139012854243,0.06594204716940825
06055,Napa,2018,11.493018548829955,0.06370096778274476
06055,Napa,2019,7.059566804730806,0.06255932159750423
06055,Napa,2020,11.579455629236186,0.06479370261909084
06055,Napa,2021,8.931149063550786,0.06677464935879023
06055,Napa,2022,7.6319331786460864,0.06085610001646729
06055,Napa,2023,6.836091378776677,0.058974195121241614
06055,Napa,2024,5.855663196246493,0.054253164749511
06055,Napa,2025,6.812854103171699,0.05830882274820534
06057,Nevada,2010,7.1217847656026825,0.0794849209922297
06057,Nevada,2011,9.191115104489658,0.07788101669038781
06057,Nevada,2012,7.491960241722547,0.07386954691545773
06057,Nevada,2013,8.697746448526923,0.06956841733922713
06057,Nevada,2014,8.529715946578124,0.07506708992267337
06057,Nevada,2015,8.553426992217178,0.07513967608986688
06057,Nevada,2016,7.74679334287327,0.08124246426455335
06057,Nevada,2017,8.767924879814032,0.07836993655897068
06057,Nevada,2018,12.8636294207161,0.07999798095736324
06057,Nevada,2019,6.87887708950077,0.06932720217022172
06057,Nevada,2020,12.59948737070985,0.07666185364907796
06057,Nevada,2021,10.911364156007169,0.0772707430191482
06057,Nevada,2022,7.97729828451808,0.06859843028485418
06057,Nevada,2023,8.038548529935968,0.06711315417595973
06057,Nevada,2024,6.686083693618889,0.0692055019454835
06057,Nevada,2025,6.932360524570371,0.06319760944942139
06059,Orange,2010,10.517065660346942,0.0767746203219457
06059,Orange,2011,11.111882379121742,0.07722067641447572
06059,Orange,2012,10.532748041070123,0.07754202636879813
06059,Orange,2013,11.206531934035459,0.07415500851207145
06059,Orange,2014,11.418036968184184,0.07933689309605714
06059,Orange,2015,10.3496790016145,0.07872147768972385
06059,Orange,2016,9.965513546470016,0.0786681945785769
06059,Orange,2017,10.867242616597062,0.08235675076411447
06059,Orange,2018,11.153324220254868,0.07789288737669658
06059,Orange,2019,8.890165526761812,0.07416786533126601
06059,Orange,2020,12.478804305522555,0.08532059454253789
06059,Orange,2021,10.979167176444538,0.07502541782080695
06059,Orange,2022,9.57875023201929,0.07480789128744161
06059,Orange,2023,8.720381092606594,0.07642374183337515
06059,Orange,2024,9.785902269777578,0.07763360797051157
06059,Orange,2025,9.349155494144002,0.07329303821813248
06061,Placer,2010,6.020910994123273,0.07344531718994297
06061,Placer,2011,6.740057040012588,0.07241246036824972
06061,Placer,2012,6.37877221922336,0.07861210651547694
06061,Placer,2013,7.772300826048229,0.07235578595408666
06061,Placer,2014,6.962636191292879,0.07779178540242038
06061,Placer,2015,6.62329772778264,0.07849745557047705
06061,Placer,2016,6.63501497011347,0.08191525786856725
06061,Placer,2017,7.90400819280319,0.08165760517382352
06061,Placer,2018,9.377766353811296,0.0831886091814162
06061,Placer,2019,5.911475394273579,0.07038441396925557
06061,Placer,2020,12.131517256012632,0.0779338203063437
06061,Placer,2021,8.94389306664559,0.08120911282672388
06061,Placer,2022,6.54496112658088,0.07043841590991216
06061,Placer,2023,6.544244201887341,0.06545805383267984
06061,Placer,2024,5.473971549734772,0.06920996575001083
06061,Placer,2025,4.867291869513682,0.06355643764231976
06063,Plumas,2010,6.8754647444506,0.07258253694757459
06063,Plumas,2011,8.593558388641164,0.07152709580146295
06063,Plumas,2012,7.383452666865742,0.07335618021907273
06063,Plumas,2013,8.74835990713137,0.06891198188710917
06063,Plumas,2014,7.755980007104785,0.07361673207754674
06063,Plumas,2015,8.086250659384126,0.07316523773343075
06063,Plumas,2016,6.962352771174054,0.076051422442899
06063,Plumas,2017,8.62272014964959,0.07524513541275422
06063,Plumas,2018,11.235717429146549,0.07612103413305853
06063,Plumas,2019,6.466440766265972,0.0670236595854594
06063,Plumas,2020,12.361792191273627,0.07295693320198637
06063,Plumas,2021,10.120444162146187,0.07505193380750187
06063,Plumas,2022,7.396762021889226,0.06747026077613058
06063,Plumas,2023,6.88190642748961,0.06457062014028787
06063,Plumas,2024,6.192762296473743,0.06593414063631803
06063,Plumas,2025,6.0111887399549015,0.061255854638142114
06065,Riverside,2010,10.483447808215246,0.07801350680682693
06065,Riverside,2011,10.025111284676797,0.07663989174148113
06065,Riverside,2012,10.142928260467205,0.07717823668416385
06065,Riverside,2013,10.314487637065703,0.07472382872810729
06065,Riverside,2014,10.700863148006935,0.07841029223878726
06065,Riverside,2015,9.250692311574316,0.07674883789913443
06065,Riverside,2016,9.951390383331859,0.07736307115552271
06065,Riverside,2017,10.568197794425071,0.07957542500003023
06065,Riverside,2018,10.39563610784239,0.07610986406227185
06065,Riverside,2019,8.885000641347654,0.07242045346645223
06065,Riverside,2020,11.47345272717691,0.07947399508631295
06065,Riverside,2021,10.038815283309484,0.07504831404249744
06065,Riverside,2022,9.523194231010399,0.07342945312467801
06065,Riverside,2023,8.972595981721206,0.07600432639313721
06065,Riverside,2024,10.320700477588751,0.07786179167826837
06065,Riverside,2025,8.540249005536724,0.07444585429357777
06067,Sacramento,2010,7.648030977311567,0.07252115881495394
06067,Sacramento,2011,9.71316834771093,0.0716904972257434
06067,Sacramento,2012,8.393677402884997,0.07309340768824592
06067,Sacramento,2013,10.150742028500511,0.0673072684942412
06067,Sacramento,2014,8.871852050846345,0.07259524771271679
06067,Sacramento,2015,9.357823850559361,0.07314979719496122
06067,Sacramento,2016,8.04180117371772,0.07260028831250884
06067,Sacramento,2017,10.18014073333372,0.0715022643882745
06067,Sacramento,2018,12.380125749815285,0.0709646589880774
06067,Sacramento,2019,7.442178437323094,0.0667571318037863
06067,Sacramento,2020,12.204057930608233,0.07090873756431489
06067,Sacramento,2021,9.987901939630692,0.0698263836437198
06067,Sacramento,2022,8.34042912202323,0.06506947499178907
06067,Sacramento,2023,7.434178612503318,0.06366000890659038
06067,Sacramento,2024,6.774065482209379,0.06303698964908341
06067,Sacramento,2025,7.319251663334347,0.05914096891378048
06069,San Benito,2010,8.312370580867215,0.07275203545233817
06069,San Benito,2011,9.208301281765133,0.06969828267231166
06069,San Benito,2012,8.161265969125347,0.0685955198716272
06069,San Benito,2013,10.171106514940078,0.06771884915462649
06069,San Benito,2014,8.462111407635716,0.07196877843418091
06069,San Benito,2015,9.408275503178281,0.07142744841620756
06069,San Benito,2016,8.145135908064946,0.06934934262553454
06069,San Benito,2017,10.066751427960599,0.0698592210658272
06069,San Benito,2018,11.17084550718938,0.06719703781267901
06069,San Benito,2019,7.3509794072051555,0.06589894001707415
06069,San Benito,2020,11.635546608626601,0.06859159011657245
06069,San Benito,2021,9.228989741806622,0.06810466623354575
06069,San Benito,2022,8.483074011699294,0.06301525454063878
06069,San Benito,2023,7.3947115290375125,0.06330482957664772
06069,San Benito,2024,7.163671931040795,0.06287136284226799
06069,San Benito,2025,6.949991230121866,0.05432625496933919
06071,San Bernardino,2010,9.910453614463744,0.07749118001465892
06071,San Bernardino,2011,10.640893768970038,0.07818984927250888
06071,San Bernardino,2012,10.264962836095885,0.0775030409227487
06071,San Bernardino,2013,11.14867008248601,0.07427522284521437
06071,San Bernardino,2014,9.867615860213593,0.07876795562252208
06071,San Bernardino,2015,10.176481168199174,0.07701908839958
06071,San Bernardino,2016,9.680260500608552,0.07674376491988082
06071,San Bernardino,2017,10.60230486787821,0.0789708564943141
06071,San Bernardino,2018,10.925109401099009,0.07671350695662904
06071,San Bernardino,2019,8.457059359129696,0.0724664765206443
06071,San Bernardino,2020,12.167170120721464,0.07980935765981738
06071,San Bernardino,2021,10.570216968331648,0.07557451324542887
06071,San Bernardino,2022,9.099209538977941,0.07247989439459608
06071,San Bernardino,2023,8.477606537170335,0.07411565889502954
06071,San Bernardino,2024,9.099414056849891,0.07545238538237524
06071,San Bernardino,2025,8.243489276869349,0.07074747757188123
06073,San Diego,2010,10.209085491134637,0.07864025074234422
06073,San Diego,2011,10.423583028405314,0.0795080547066553
06073,San Diego,2012,10.5344002311108,0.07926310771058868
06073,San Diego,2013,10.823278065654877,0.07676499750711308
06073,San Diego,2014,10.233246261645295,0.08114813952318062
06073,San Diego,2015,9.871380987070916,0.07879250022810078
06073,San Diego,2016,10.084226519228169,0.0788008005003401
06073,San Diego,2017,10.884240824626213,0.0816659829056575
06073,San Diego,2018,10.96794155543346,0.07844929613295791
06073,San Diego,2019,8.97891721256538,0.07490628771635899
06073,San Diego,2020,12.048049222693376,0.08311900941080261
06073,San Diego,2021,10.704176051347462,0.07739822895216737
06073,San Diego,2022,9.561549654638142,0.0746759470888731
06073,San Diego,2023,9.205196577828353,0.0771582833780185
06073,San Diego,2024,9.999398487766543,0.07938543950052906
06073,San Diego,2025,8.878910300402609,0.07361102624152532
06075,San Francisco,2010,8.576519654861555,0.06408324365313407
06075,San Francisco,2011,9.330155188432453,0.06219054561672066
06075,San Francisco,2012,8.16354750438545,0.06107813416351449
06075,San Francisco,2013,10.03343698518956,0.061861132912235245
06075,San Francisco,2014,8.94802659804438,0.06781209510505229
06075,San Francisco,2015,8.395686792246146,0.06742174494855474
06075,San Francisco,2016,6.983698420985762,0.06307639578394807
06075,San Francisco,2017,9.607164900213576,0.06504386009822856
06075,San Francisco,2018,11.009453996783737,0.05902741816800513
06075,San Francisco,2019,6.657012282835645,0.06220998057583857
06075,San Francisco,2020,10.321488069903136,0.06342665305877183
06075,San Francisco,2021,7.953995578228179,0.06444391262533232
06075,San Francisco,2022,7.3467003138076,0.05871847593969999
06075,San Francisco,2023,6.183874167084983,0.05667064766072304
06075,San Francisco,2024,5.753238523225439,0.04896581034034309
06075,San Francisco,2025,6.537227453774043,0.057485973957856214
06077,San Joaquin,2010,8.542212197511796,0.07427857713052516
06077,San Joaquin,2011,10.281711317002562,0.07330208470254494
06077,San Joaquin,2012,8.544868313029157,0.0743423514366319
06077,San Joaquin,2013,10.644043039696037,0.06918567452626256
06077,San Joaquin,2014,9.059355032310279,0.0738763496829855
06077,San Joaquin,2015,9.678328825164138,0.07509816321187204
06077,San Joaquin,2016,7.89413778073541,0.07378043487214918
06077,San Joaquin,2017,10.524069381663017,0.07291418048182959
06077,San Joaquin,2018,12.223594610547668,0.07139090908240629
06077,San Joaquin,2019,7.39918791601123,0.06834727038066817
06077,San Joaquin,2020,12.076991169138493,0.07142269076068612
06077,San Joaquin,2021,9.77507205297931,0.07257722160616668
06077,San Joaquin,2022,8.705075963474954,0.06617939371311174
06077,San Joaquin,2023,7.771825138475554,0.06542258982813957
06077,San Joaquin,2024,7.057012222174655,0.06319072053327117
06077,San Joaquin,2025,7.091171380398536,0.060252691467153396
06079,San Luis Obispo,2010,9.572964037371799,0.07724666399499873
06079,San Luis Obispo,2011,11.270471296292708,0.07381979565046712
06079,San Luis Obispo,2012,9.996790540423401,0.07291410803691908
06079,San Luis Obispo,2013,11.517938138427013,0.07115723529363059
06079,San Luis Obispo,2014,10.13971948547631,0.0753843212460326
06079,San Luis Obispo,2015,12.650368058018138,0.07364197251775631
06079,San Luis Obispo,2016,9.278911597015425,0.07308298431572095
06079,San Luis Obispo,2017,11.044681010038161,0.07372397141556597
06079,San Luis Obispo,2018,11.974948817298793,0.07109263679828613
06079,San Luis Obispo,2019,8.069879617128587,0.06786345944931635
06079,San Luis Obispo,2020,12.788642632994419,0.07355808511290027
06079,San Luis Obispo,2021,10.352648849853448,0.07051071350081053
06079,San Luis Obispo,2022,9.20111384439948,0.06705318730074344
06079,San Luis Obispo,2023,8.011990737777822,0.06646902569723886
06079,San Luis Obispo,2024,8.004231733652464,0.0678030540461571
06079,San Luis Obispo,2025,7.592109088567579,0.05894943319561912
06081,San Mateo,2010,8.30776730994348,0.0642473362985377
06081,San Mateo,2011,9.294709957786685,0.06418414055651249
06081,San Mateo,2012,8.023175399278808,0.06270373564749103
06081,San Mateo,2013,9.800329936951847,0.06197703562214146
06081,San Mateo,2014,8.391657282369463,0.0676801804716644
06081,San Mateo,2015,8.688956999738986,0.0679589307776772
06081,San Mateo,2016,7.253057823707676,0.06385092968924407
06081,San Mateo,2017,9.699570660756407,0.06565883940885739
06081,San Mateo,2018,11.213072293797378,0.061260668114985796
06081,San Mateo,2019,6.949890385570043,0.062168620527325795
06081,San Mateo,2020,11.018310950159895,0.0635512510815478
06081,San Mateo,2021,8.13825884085164,0.06394732188616199
06081,San Mateo,2022,7.602434872768618,0.05878114772175481
06081,San Mateo,2023,6.728288178637166,0.05765067837421837
06081,San Mateo,2024,6.571536405455472,0.050284510690464426
06081,San Mateo,2025,6.5144663909003215,0.05478014624064854
06083,Santa Barbara,2010,9.121543867456232,0.07657731625964027
06083,Santa Barbara,2011,9.889352431655581,0.07424301330627475
06083,Santa Barbara,2012,9.734771249115362,0.07411071402079816
06083,Santa Barbara,2013,11.174686149064614,0.07140292598226587
06083,Santa Barbara,2014,10.262887664859702,0.07557054557086243
06083,Santa Barbara,2015,11.221927822658552,0.07337787117221825
06083,Santa Barbara,2016,9.195592561068054,0.07379451934676759
06083,Santa Barbara,2017,10.675080764191868,0.07517385583870444
06083,Santa Barbara,2018,11.212675533985392,0.07225412843356195
06083,Santa Barbara,2019,7.882830702953147,0.06930253252901111
06083,Santa Barbara,2020,11.962628811676854,0.07704023128091332
06083,Santa Barbara,2021,10.071910651683899,0.07091205296851298
06083,Santa Barbara,2022,8.956969541760882,0.06921460025970287
06083,Santa Barbara,2023,7.642632357593476,0.06837883385391977
06083,Santa Barbara,2024,7.825549986211151,0.06986468173138413
06083,Santa Barbara,2025,7.577047382644777,0.06342841570370404
06085,Santa Clara,2010,7.976620479410559,0.06550959154815864
06085,Santa Clara,2011,8.94147100777007,0.06563874121140321
06085,Santa Clara,2012,7.736223165648502,0.06376652925551779
06085,Santa Clara,2013,9.726800899591678,0.06422513494637429
06085,Santa Clara,2014,7.95755918492082,0.06898342280187772
06085,Santa Clara,2015,8.322444028322556,0.06901980843032882
06085,Santa Clara,2016,7.342942487942503,0.06574113871531212
06085,Santa Clara,2017,9.322454770241476,0.06728239525609625
06085,Santa Clara,2018,10.809118847714455,0.06347614535337512
06085,Santa Clara,2019,6.910289814422097,0.06266588429207802
06085,Santa Clara,2020,11.082328484142698,0.06392189674791522
06085,Santa Clara,2021,8.128769136794526,0.06416895482755454
06085,Santa Clara,2022,7.509664719785369,0.059597359352628124
06085,Santa Clara,2023,6.641841152324253,0.05982690217315806
06085,Santa Clara,2024,6.713365524415084,0.05580134850643894
06085,Santa Clara,2025,6.552754198003632,0.053561888638706284
06087,Santa Cruz,2010,8.622281184732477,0.0702822280983026
06087,Santa Cruz,2011,9.773462920543794,0.06658883156476174
06087,Santa Cruz,2012,8.454677592294416,0.06607072221351448
06087,Santa Cruz,2013,10.424955645595064,0.06467993361632728
06087,Santa Cruz,2014,8.647233798565935,0.07083290542720277
06087,Santa Cruz,2015,9.123562538712203,0.07049807317271622
06087,Santa Cruz,2016,7.89810161781428,0.0667955059203498
06087,Santa Cruz,2017,10.025055222960471,0.0681144747813178
06087,Santa Cruz,2018,11.464213942543697,0.06300782055584457
06087,Santa Cruz,2019,7.347943908361868,0.06430344875549766
06087,Santa Cruz,2020,11.278212858721238,0.06763462005433793
06087,Santa Cruz,2021,8.558410572431402,0.06782711347422116
06087,Santa Cruz,2022,8.376495514585777,0.06282213044995476
06087,Santa Cruz,2023,6.892275405415187,0.060494581510856384
06087,Santa Cruz,2024,6.963054588595749,0.04977560014005919
06087,Santa Cruz,2025,6.917446633794013,0.05754780651777825
06089,Shasta,2010,6.888666970653685,0.06956300223466313
06089,Shasta,2011,10.061578520896505,0.06823511763244489
06089,Shasta,2012,8.680346789538877,0.07055912443177384
06089,Shasta,2013,9.8491162509108,0.06710884337820008
06089,Shasta,2014,8.597164540161767,0.06976644498196442
06089,Shasta,2015,8.259472919106152,0.06546152473005365
06089,Shasta,2016,6.501968200899288,0.07024238918349728
06089,Shasta,2017,9.029540924514038,0.06759054417705532
06089,Shasta,2018,10.415623977623635,0.07143823585440862
06089,Shasta,2019,6.431036697609048,0.06338796076513828
06089,Shasta,2020,12.600101450188891,0.06738611770772511
06089,Shasta,2021,10.764225084342437,0.07066806046462039
06089,Shasta,2022,7.596739646611338,0.06381593275786548
06089,Shasta,2023,8.22807004023922,0.0628072028398272
06089,Shasta,2024,6.518408613860344,0.06195737810549697
06089,Shasta,2025,6.167639976635028,0.059650885147673374
06091,Sierra,2010,6.69067363480539,0.07405085493025725
06091,Sierra,2011,8.112400532247488,0.07275372646681318
06091,Sierra,2012,7.4101387518176045,0.07569882072283288
06091,Sierra,2013,8.715406095348024,0.07068883396117964
06091,Sierra,2014,8.367535607426587,0.07635776160156503
06091,Sierra,2015,7.50546002275898,0.07630666452169502
06091,Sierra,2016,7.572640444155972,0.08098914231765304
06091,Sierra,2017,9.007157798243544,0.08086903540371113
06091,Sierra,2018,10.75660174422113,0.08091475980026933
06091,Sierra,2019,6.635363867331251,0.06985279301879636
06091,Sierra,2020,13.131195096290414,0.07678560521940528
06091,Sierra,2021,10.578718561121738,0.0799988736346238
06091,Sierra,2022,7.3565941345120445,0.07019424181677902
06091,Sierra,2023,9.268754203766463,0.06524789386762969
06091,Sierra,2024,6.6202656108267615,0.06842962215047678
06091,Sierra,2025,6.127669751943064,0.06279922799603396
06093,Siskiyou,2010,6.765360098414829,0.06851431186886103
06093,Siskiyou,2011,10.058850081026069,0.06660195549040632
06093,Siskiyou,2012,8.948537832108713,0.06834621770180355
06093,Siskiyou,2013,9.637820490559859,0.06475999007035468
06093,Siskiyou,2014,7.129019396428627,0.06819687191249763
06093,Siskiyou,2015,8.113275371880297,0.06746016087754046
06093,Siskiyou,2016,6.535642063526116,0.06917802324215808
06093,Siskiyou,2017,8.65403897802624,0.06890204801049488
06093,Siskiyou,2018,11.456984397234686,0.06921539073086759
06093,Siskiyou,2019,6.727838321048887,0.06274215454570954
06093,Siskiyou,2020,11.911722126063589,0.0661748903260493
06093,Siskiyou,2021,11.76834173773747,0.06813638263520004
06093,Siskiyou,2022,7.274542514586406,0.06302684325378936
06093,Siskiyou,2023,7.75382243705759,0.06200308104713881
06093,Siskiyou,2024,6.581553079387077,0.06123123456629647
06093,Siskiyou,2025,5.828268045338305,0.058671592085329356
06095,Solano,2010,7.49037819861517,0.06925883392536622
06095,Solano,2011,8.924205434330645,0.06864331289308387
06095,Solano,2012,8.275514130007068,0.06896964185094151
06095,Solano,2013,9.810723601968823,0.06379081953378851
06095,Solano,2014,8.588113271506634,0.06954317938087451
06095,Solano,2015,8.972247222869672,0.07042593910998217
06095,Solano,2016,7.47581915380843,0.06765692535446588
06095,Solano,2017,10.349855706765101,0.0678871691014353
06095,Solano,2018,12.11619161938858,0.06456095543647085
06095,Solano,2019,6.90735808098036,0.06511581224496622
06095,Solano,2020,11.797676821737738,0.06702062681112457
06095,Solano,2021,8.75259018756065,0.06698518040544561
06095,Solano,2022,7.916375300699415,0.062360691622441504
06095,Solano,2023,7.208024933135273,0.06141447678153332
06095,Solano,2024,6.603005372897275,0.05538151266121563
06095,Solano,2025,7.408091087747571,0.05948843021112355
06097,Sonoma,2010,7.743412358305484,0.0638754945848295
06097,Sonoma,2011,8.710159283707666,0.06310975920027523
06097,Sonoma,2012,8.20882692264594,0.0635079895127385
06097,Sonoma,2013,9.411481785195852,0.060894603939642425
06097,Sonoma,2014,8.504066726219552,0.06662560632943239
06097,Sonoma,2015,8.277869472601965,0.06634819527451266
06097,Sonoma,2016,6.842664161136884,0.06322817050526088
06097,Sonoma,2017,9.637763396546173,0.06445397919508418
06097,Sonoma,2018,11.067671018408877,0.05967950562194749
06097,Sonoma,2019,6.42512755395577,0.061522614227462906
06097,Sonoma,2020,10.71720955798031,0.06433707567462146
06097,Sonoma,2021,8.263055253550537,0.06337684865963397
06097,Sonoma,2022,7.241327289772411,0.05883274531749214
06097,Sonoma,2023,6.537645442902386,0.056727333390921446
06097,Sonoma,2024,5.928540396546023,0.05230980908984348
06097,Sonoma,2025,5.763774558344889,0.058175709911787256
06099,Stanislaus,2010,9.00988145855493,0.07636633651046025
06099,Stanislaus,2011,10.45217034987479,0.07389718315285894
06099,Stanislaus,2012,9.17059317109086,0.07451762906738887
06099,Stanislaus,2013,11.786445060197554,0.07090601018930069
06099,Stanislaus,2014,9.394270614980648,0.07523416191612928
06099,Stanislaus,2015,10.310149370594734,0.07542967963203176
06099,Stanislaus,2016,9.023807280196838,0.07434689163445289
06099,Stanislaus,2017,10.786403281596513,0.07326170605831153
06099,Stanislaus,2018,12.783911806019987,0.07216012689483209
06099,Stanislaus,2019,7.849187916074463,0.06810461932420012
06099,Stanislaus,2020,13.091393042876785,0.07248074814616913
06099,Stanislaus,2021,9.813830929364096,0.07028199687227356
06099,Stanislaus,2022,8.700912391164357,0.06648969403733697
06099,Stanislaus,2023,7.557939360819882,0.06571654884321713
06099,Stanislaus,2024,7.404524830274733,0.06578608339760557
06099,Stanislaus,2025,7.41160779815504,0.05660370871861455
06101,Sutter,2010,6.9291333032139075,0.07016471234470846
06101,Sutter,2011,8.99274642330509,0.0699973520892892
06101,Sutter,2012,7.881990458924418,0.07142547309661702
06101,Sutter,2013,9.02518169919791,0.06539197636004505
06101,Sutter,2014,7.933644369319172,0.0699521341370241
06101,Sutter,2015,8.501285647670962,0.0706025538872428
06101,Sutter,2016,7.108967473876097,0.07072409061143409
06101,Sutter,2017,9.297303155196092,0.06969790950006732
06101,Sutter,2018,12.028426220462613,0.06902487765104573
06101,Sutter,2019,6.97997968121328,0.06449937431875724
06101,Sutter,2020,13.068229451274705,0.06741105434214902
06101,Sutter,2021,9.6608185379444,0.06951741354639046
06101,Sutter,2022,7.812951842742391,0.06436019714370446
06101,Sutter,2023,7.6624157512593,0.0631313717262987
06101,Sutter,2024,6.421555297028711,0.06199848375302532
06101,Sutter,2025,6.913982192934345,0.05975807937922097
06103,Tehama,2010,6.571202666668163,0.06698468103519616
06103,Tehama,2011,9.013505801968979,0.06676509543875957
06103,Tehama,2012,8.036660905408407,0.06814923723000905
06103,Tehama,2013,8.953203996629048,0.06502835959202055
06103,Tehama,2014,7.572703142155166,0.06846903272149509
06103,Tehama,2015,8.17289379027208,0.06853285092775457
06103,Tehama,2016,6.7322454725587875,0.06763952102702937
06103,Tehama,2017,9.059402470041391,0.06753723138295317
06103,Tehama,2018,11.75039507698033,0.06830972653885983
06103,Tehama,2019,6.684829952647239,0.06186518271738331
06103,Tehama,2020,12.122453967814806,0.06535608172003454
06103,Tehama,2021,11.588602072247966,0.06780271769315989
06103,Tehama,2022,7.541871282014474,0.06345528919957362
06103,Tehama,2023,7.984057640241171,0.06173214039297283
06103,Tehama,2024,6.590452895178394,0.061474365326967366
06103,Tehama,2025,6.075969660677107,0.058529932707097825
06105,Trinity,2010,6.457350274832554,0.06406491661178897
06105,Trinity,2011,7.647167490236026,0.06247642411633175
06105,Trinity,2012,7.123213669920619,0.06518471961744055
06105,Trinity,2013,8.336236299256258,0.0620319347485585
06105,Trinity,2014,6.867627744244431,0.0644180433829421
06105,Trinity,2015,7.563877103309304,0.06317548269328653
06105,Trinity,2016,6.094115907268042,0.06430343483688723
06105,Trinity,2017,8.73341323683818,0.06385953140305174
06105,Trinity,2018,10.110401312411028,0.06540877641419097
06105,Trinity,2019,6.462706688888139,0.059765459960542576
06105,Trinity,2020,11.461443715090489,0.06224122496742729
06105,Trinity,2021,10.530969893596762,0.06468507879001238
06105,Trinity,2022,7.4792091385656505,0.058625966249079384
06105,Trinity,2023,7.747287872269741,0.05933404675979145
06105,Trinity,2024,6.357759195230539,0.05863602548654977
06105,Trinity,2025,5.99418852963324,0.05675388538021317
06107,Tulare,2010,10.73690192967689,0.08203236741799576
06107,Tulare,2011,12.528917431646255,0.07973409389146732
06107,Tulare,2012,11.202272992454505,0.07889085175586873
06107,Tulare,2013,13.227390142313062,0.0758281392947033
06107,Tulare,2014,11.824097231963899,0.07922588221225219
06107,Tulare,2015,13.173900245074899,0.0782325473226482
06107,Tulare,2016,10.427863697664272,0.07810388479307478
06107,Tulare,2017,12.090036448610755,0.07856668138909792
06107,Tulare,2018,13.045500832963425,0.07779282606918349
06107,Tulare,2019,8.788466610685717,0.07224268991591519
06107,Tulare,2020,14.714844669462153,0.07929770222666842
06107,Tulare,2021,12.053873226310518,0.07604649807569037
06107,Tulare,2022,10.532094895263821,0.07179806680590263
06107,Tulare,2023,8.974932427744614,0.07088738835131164
06107,Tulare,2024,9.065628095486275,0.07385425116235368
06107,Tulare,2025,8.205304727998271,0.06251716218358691
06109,Tuolumne,2010,9.289489882591553,0.07759338713389667
06109,Tuolumne,2011,11.238620794551382,0.07590901174847196
06109,Tuolumne,2012,9.410007831122064,0.07794304434088398
06109,Tuolumne,2013,11.32878586855761,0.07187273780870197
06109,Tuolumne,2014,9.466859378414238,0.0769201041193922
06109,Tuolumne,2015,10.187897802464539,0.07708610886048509
06109,Tuolumne,2016,8.698637731862178,0.07726701796151114
06109,Tuolumne,2017,11.158341115786754,0.07733892555193987
06109,Tuolumne,2018,12.831788009468182,0.07820821554323644
06109,Tuolumne,2019,7.370508668192945,0.07023694383234032
06109,Tuolumne,2020,13.613307531146994,0.07862694467961444
06109,Tuolumne,2021,10.321692219659987,0.0767351321400786
06109,Tuolumne,2022,8.49006010470111,0.06961144811421538
06109,Tuolumne,2023,7.830668383145429,0.06741445552030303
06109,Tuolumne,2024,7.203050092940994,0.07065686718003752
06109,Tuolumne,2025,6.940425155459123,0.06132923218383399
06111,Ventura,2010,9.793523044627268,0.07665192855087422
06111,Ventura,2011,11.236009822255136,0.07548476729907809
06111,Ventura,2012,10.36572845055378,0.0752406640925412
06111,Ventura,2013,11.740694846782397,0.07250847720377429
06111,Ventura,2014,11.709824306520646,0.07743942522898557
06111,Ventura,2015,10.93932334142926,0.07604327512421277
06111,Ventura,2016,9.87523936704094,0.07566591294438281
06111,Ventura,2017,11.237366199723017,0.07763947646063096
06111,Ventura,2018,11.71371668735563,0.07481547489916078
06111,Ventura,2019,8.541311572690498,0.0707619829059385
06111,Ventura,2020,12.955858729622197,0.07986561432427429
06111,Ventura,2021,11.15686069259519,0.07227526711143048
06111,Ventura,2022,9.801896969686654,0.07056605744886327
06111,Ventura,2023,8.642759374463557,0.07066711064939706
06111,Ventura,2024,9.21601529854985,0.07256190143750404
06111,Ventura,2025,8.648577571335602,0.06429021756359019
06113,Yolo,2010,7.381514770350419,0.06941876964887424
06113,Yolo,2011,9.606563974896957,0.06910878378090954
06113,Yolo,2012,8.646050453034011,0.06943436365559379
06113,Yolo,2013,9.787755745355717,0.06451220907451657
06113,Yolo,2014,9.14363227695323,0.06969982506621131
06113,Yolo,2015,9.196125499587032,0.06993117584366185
06113,Yolo,2016,7.656789183174963,0.06899052923926778
06113,Yolo,2017,10.089517986185799,0.06811398470011736
06113,Yolo,2018,11.578705797609366,0.06574759388555668
06113,Yolo,2019,7.25212711277629,0.06408775717799968
06113,Yolo,2020,11.476862162319563,0.06811987343436207
06113,Yolo,2021,9.676438725919674,0.06779147615706668
06113,Yolo,2022,8.176830933550015,0.0631995321889093
06113,Yolo,2023,7.2855096820453955,0.061460543306800126
06113,Yolo,2024,6.582456421680703,0.05843760144572913
06113,Yolo,2025,6.575600513794608,0.05845649566354194
06115,Yuba,2010,6.892581916664989,0.07196370399712146
06115,Yuba,2011,9.021499124369175,0.07172179933620904
06115,Yuba,2012,7.60204604070818,0.07329504822642992
06115,Yuba,2013,9.00208445162257,0.0682231668209804
06115,Yuba,2014,8.428612258059921,0.07303751583399005
06115,Yuba,2015,8.582221990915587,0.07246201900275015
06115,Yuba,2016,7.477834523782847,0.07478538690968997
06115,Yuba,2017,9.149707379360647,0.07286025206403078
06115,Yuba,2018,11.55540841593538,0.07498351003888508
06115,Yuba,2019,6.991428732863744,0.06615254842270911
06115,Yuba,2020,12.53188755900219,0.07276533201031776
06115,Yuba,2021,10.837020527284537,0.0741099258832031
06115,Yuba,2022,8.05509128334305,0.0666515469680279
06115,Yuba,2023,8.003535481677256,0.06471244159357543
06115,Yuba,2024,6.763498776140734,0.06553342668664959
06115,Yuba,2025,6.812499921241874,0.0604390078651237
